theme,subtheme,questions,lead_author
Errors and feedback,Student errors,"5, 1, 2",Ian
Errors and feedback,Feedback design,"6,7,9",George
Errors and feedback,Emulating teacher feedback,"10,11,12",George
Errors and feedback,Optimising feedback efforts,"3,4,13",George
Students,Student behaviour,"35,34,53,33",Ian
Students,Student views and outcomes,"36,14",George
Students,Student interactions,"54,21",Ian
Design and implementation,Task design principles,"8,43,51",George
Design and implementation,Randomisation,"16,52,42",George
Design and implementation,Roles of e-assessment in course design,"38,39,19,40,41",George
Design and implementation,Lecturer guidance,"18,20,55",Ian
Affordances,Capabilities of e-assessment,"37,22,15,25",Chris
Affordances,Free-form student input,"47,50,49,17,48",Chris
Affordances,Comparative judgement,"23,24",Ian
Mathematical skills,Problem solving,"26,27,32",Chris
Mathematical skills,Assessment of proof,"28,29,30,31",Chris
Mathematical skills,Example generation,"44,45,46",Ian
